{"cameraMode":{"drawMode":0,"name":"Shaded","section":"Shading Mode"},"sceneLighting":true,"audioPlay":false,"sceneViewState":{"m_AlwaysRefresh":false,"showFog":true,"showSkybox":true,"showFlares":true,"showImageEffects":true,"showParticleSystems":true,"showVisualEffectGraphs":true,"m_FxEnabled":true},"in2DMode":false,"pivot":{"x":4.76837158203125e-7,"y":3.0974998474121095,"z":5.335000038146973},"rotation":{"x":0.0023828737903386356,"y":0.8229591846466065,"z":0.0034479645546525718,"w":-0.5681008100509644},"size":26.235729217529298,"orthographic":true}